{"_runtime":138.607908027,"_step":0,"_wandb":{"runtime":138},"pruned":true,"_timestamp":1.7415158060559156e+09}