{"_wandb":{"runtime":30},"pruned":true,"_timestamp":1.7415125814459655e+09,"_runtime":30.89285684,"_step":0}