{"_wandb":{"runtime":14},"_timestamp":1.7415138020410964e+09,"_runtime":14.371971339,"_step":0,"pruned":true}