{"pruned":true,"_timestamp":1.7415276084336934e+09,"_runtime":134.319952479,"_step":0,"_wandb":{"runtime":134}}