{"val_loss":0.8053631481181871,"epochs_completed":5,"_timestamp":1.741248931337608e+09,"train_accuracy":0.8491296296296297,"_step":1,"test_accuracy":0.8297,"val_accuracy":0.8371666666666666,"_runtime":41.846171372,"train_loss":0.8124946404727039,"_wandb":{"runtime":41},"test_loss":0.8478054638099626}