{"_step":0,"pruned":true,"_timestamp":1.7415108501464078e+09,"_wandb":{"runtime":104},"_runtime":104.706391542}