{"val_accuracy":0.8818333333333334,"_runtime":65.057451088,"_step":6,"test_accuracy":0.871,"train_accuracy":0.8938333333333334,"epoch":5,"epochs_completed":5,"_wandb":{"runtime":65},"val_loss":0.5841761683712556,"test_loss":0.6282852492039508,"_timestamp":1.7421933109916196e+09,"train_loss":0.5506695304484059}