{"pruned":true,"_timestamp":1.741520492355759e+09,"_runtime":71.01420186,"_step":0,"_wandb":{"runtime":71}}