{"train_loss":3.2508884329541186,"test_accuracy":0.1,"_runtime":85.019862249,"_wandb":{"runtime":85},"train_accuracy":0.10074074074074074,"_timestamp":1.742228487607218e+09,"test_loss":3.2508405085614926,"epoch":5,"epochs_completed":5,"val_loss":3.250996091915856,"val_accuracy":0.09333333333333334,"_step":6}