{"val_accuracy":0.10133333333333333,"epoch":5,"train_loss":12.603319852349081,"val_loss":11.163674795197274,"_runtime":69.055160025,"final_test_accuracy":0.1,"_step":5,"_wandb":{"runtime":69},"train_accuracy":0.09985185185185186,"_timestamp":1.7422259854029016e+09,"final_test_loss":11.209852344431638}