{"_runtime":55.87924403,"val_accuracy":0.09333333333333334,"epochs_completed":5,"test_loss":3.2512080712447986,"_wandb":{"runtime":55},"train_accuracy":0.10074074074074074,"val_loss":3.2512047194482414,"_timestamp":1.7412542161741729e+09,"_step":1,"test_accuracy":0.1,"train_loss":3.2512977162938546}