{"_step":0,"pruned":true,"_wandb":{"runtime":139},"_timestamp":1.7415168845459423e+09,"_runtime":139.820490624}