{"epochs_completed":5,"test_accuracy":0.1,"_step":1,"val_loss":3.2515293004263617,"_runtime":11.886609242,"test_loss":3.2531794333939636,"val_accuracy":0.10716666666666666,"train_accuracy":0.09920370370370371,"_timestamp":1.7412468217607565e+09,"train_loss":3.2534193170543295,"_wandb":{"runtime":11}}