{"val_accuracy":0.10716666666666666,"epochs_completed":5,"val_loss":3.2515292823969686,"_timestamp":1.7412468437510042e+09,"_runtime":11.86263751,"_step":1,"test_accuracy":0.1,"test_loss":3.253179422507762,"train_accuracy":0.09920370370370371,"_wandb":{"runtime":11},"train_loss":3.253419330498823}