{"_wandb":{"runtime":19},"_timestamp":1.7412491753909776e+09,"test_loss":3.2508404217509748,"test_accuracy":0.1,"val_accuracy":0.09333333333333334,"_step":1,"train_accuracy":0.10074074074074074,"train_loss":3.250873307835881,"val_loss":3.2509953687231925,"_runtime":19.138389856,"epochs_completed":5}