{"val_accuracy":0.8686666666666667,"test_loss":0.6952425891014106,"test_accuracy":0.8568,"epoch":5,"val_loss":0.6486292645837743,"train_loss":0.6254414841440689,"_runtime":17.265645406,"train_accuracy":0.877537037037037,"_timestamp":1.7422293721031172e+09,"_step":6,"epochs_completed":5,"_wandb":{"runtime":17}}