{"_step":0,"pruned":true,"_wandb":{"runtime":129},"_timestamp":1.741524774774312e+09,"_runtime":129.06773646}