{"_wandb":{"runtime":12},"train_loss":1.242073388087225,"val_loss":1.1723105997348717,"_runtime":12.766754265,"_timestamp":1.7412476743772633e+09,"val_accuracy":0.7715,"epochs_completed":5,"_step":1,"test_accuracy":0.7543,"test_loss":1.2022135957363485,"train_accuracy":0.7628333333333334}