{"test_accuracy":0.1,"train_accuracy":0.10018518518518518,"val_accuracy":0.09833333333333333,"train_loss":3.251189870074085,"_step":1,"_runtime":22.051101477,"epochs_completed":5,"_timestamp":1.741249412188704e+09,"test_loss":3.2509983394815083,"val_loss":3.2511382133836166,"_wandb":{"runtime":22}}