{"epochs_completed":5,"_runtime":58.521733295,"train_loss":3.2548634980690982,"test_accuracy":0.1,"_wandb":{"runtime":58},"_step":1,"test_loss":3.253700031519615,"val_loss":3.2529794983329605,"_timestamp":1.7412514731514149e+09,"train_accuracy":0.09977777777777778,"val_accuracy":0.102}