{"_runtime":10.849669075,"_step":0,"final_test_loss":0.7922188482546092,"final_test_accuracy":0.8384,"_wandb":{"runtime":10},"_timestamp":1.7421910332969763e+09}