{"_timestamp":1.7415160268978097e+09,"_runtime":66.088589381,"_wandb":{"runtime":66},"_step":0,"pruned":true}