{"_timestamp":1.7415076732815557e+09,"_step":1,"_runtime":46.027468396,"train_accuracy":0.6525,"val_accuracy":0.6558333333333334,"epochs_completed":5,"val_loss":1.6041039470460468,"test_loss":1.6277057703738136,"_wandb":{"runtime":46},"test_accuracy":0.6492,"train_loss":1.5992653952310814}