{"final_test_loss":41.446531600246495,"_wandb":{"runtime":56},"val_loss":41.11649440417842,"_step":5,"epoch":5,"_timestamp":1.7422258792643588e+09,"_runtime":56.433014731,"train_accuracy":0.09920370370370371,"val_accuracy":0.10716666666666666,"train_loss":41.48320239980959,"final_test_accuracy":0.1}