{"_wandb":{"runtime":143},"pruned":true,"_timestamp":1.7415164485551524e+09,"_runtime":143.848899164,"_step":0}