{"val_loss":3.25130205363877,"train_accuracy":0.10074074074074074,"test_accuracy":0.1,"_step":1,"val_accuracy":0.09333333333333334,"test_loss":3.251255898599147,"epochs_completed":5,"train_loss":3.251376334628382,"_runtime":43.367113137,"_wandb":{"runtime":43},"_timestamp":1.74125355141112e+09}