{"_runtime":141.67233381,"_step":0,"_wandb":{"runtime":141},"pruned":true,"_timestamp":1.7415132263060048e+09}