{"_step":0,"pruned":true,"_timestamp":1.741521974133845e+09,"_runtime":113.0986588,"_wandb":{"runtime":113}}