{"_timestamp":1.7415127954899251e+09,"_runtime":152.536867052,"_step":0,"_wandb":{"runtime":152},"pruned":true}