{"_runtime":144.015504443,"_step":0,"pruned":true,"_timestamp":1.7415250674378195e+09,"_wandb":{"runtime":144}}