{"train_accuracy":0.09920370370370371,"_runtime":23.424223884,"val_loss":3.2515637866716935,"epoch":10,"final_test_accuracy":0.1,"train_loss":5.145833665602987,"final_test_loss":3.2525644627555534,"_wandb":{"runtime":23},"val_accuracy":0.10716666666666666,"_step":10,"_timestamp":1.7422251014788048e+09}