{"_step":0,"_wandb":{"runtime":97},"pruned":true,"_timestamp":1.7415255732529516e+09,"_runtime":97.254890172}