{"val_loss":3.2513095013852835,"train_accuracy":0.09920370370370371,"epochs_completed":5,"train_loss":3.251976684737796,"val_accuracy":0.10716666666666666,"_runtime":58.779482658,"_wandb":{"runtime":58},"_step":1,"test_accuracy":0.1,"_timestamp":1.7412545974064102e+09,"test_loss":3.251694143775278}