{"_timestamp":1.741246451508567e+09,"train_loss":3.2349363980584527,"test_loss":3.232232316131579,"val_accuracy":0.2796666666666667,"epochs_completed":5,"test_accuracy":0.2744,"train_accuracy":0.2781111111111111,"val_loss":3.2320548146020776,"_wandb":{"runtime":11},"_runtime":11.270075659,"_step":1}