{"train_loss":3.250835854980109,"epochs_completed":10,"val_loss":3.250861616311738,"train_accuracy":0.10074074074074074,"test_accuracy":0.1,"_runtime":20.229100965,"_wandb":{"runtime":20},"_step":1,"_timestamp":1.7415076958344653e+09,"val_accuracy":0.09333333333333334,"test_loss":3.250830130608262}