{"epochs_completed":5,"_timestamp":1.7412537283872192e+09,"_wandb":{"runtime":48},"train_accuracy":0.10074074074074074,"test_accuracy":0.1,"test_loss":3.2512114697791956,"val_accuracy":0.09333333333333334,"_step":1,"train_loss":3.2513033891267593,"val_loss":3.2512282460085697,"_runtime":48.449308598}