{"_wandb":{"runtime":33},"pruned":true,"_timestamp":1.741518210790709e+09,"_runtime":33.136118948,"_step":0}