{"_step":0,"_wandb":{"runtime":139},"pruned":true,"_timestamp":1.7415141832903638e+09,"_runtime":139.876990845}