{"_step":0,"pruned":true,"_timestamp":1.7415085282021146e+09,"_runtime":18.090763164,"_wandb":{"runtime":18}}