{"val_accuracy":0.09333333333333334,"val_loss":3.2510669401793297,"_runtime":43.348787272,"train_loss":3.2511102511540266,"_wandb":{"runtime":43},"_timestamp":1.742229441815834e+09,"epoch":5,"train_accuracy":0.10074074074074074,"pruned":true,"_step":5}