{"test_accuracy":0.1,"_step":1,"train_loss":3.2509998279011514,"train_accuracy":0.10011111111111111,"epochs_completed":5,"_runtime":8.808576098,"val_loss":3.2509821452915615,"val_accuracy":0.099,"_wandb":{"runtime":8},"_timestamp":1.7412464988328736e+09,"test_loss":3.250875483060498}