{"pruned":true,"_timestamp":1.741520632401771e+09,"_runtime":137.508082211,"_wandb":{"runtime":137},"_step":0}