{"_step":1,"val_loss":0.5642400669199199,"epochs_completed":10,"_wandb":{"runtime":145},"_timestamp":1.7415214182986605e+09,"train_accuracy":0.9054814814814814,"_runtime":145.626010984,"test_loss":0.614882202605297,"test_accuracy":0.8723,"train_loss":0.4626305965265405,"val_accuracy":0.8795}