{"pruned":true,"_timestamp":1.7415270524887772e+09,"_runtime":131.30917617,"_step":0,"_wandb":{"runtime":131}}