{"_timestamp":1.741515949122069e+09,"_runtime":141.196677617,"_step":0,"pruned":true,"_wandb":{"runtime":141}}