{"test_accuracy":0.8722,"test_loss":0.6108240131404503,"_wandb":{"runtime":167},"train_accuracy":0.9065925925925926,"_runtime":167.469448559,"_step":1,"val_loss":0.5633271266957054,"_timestamp":1.741519759272108e+09,"train_loss":0.4723416671602491,"val_accuracy":0.8806666666666667,"epochs_completed":10}