{"_runtime":16.889103289,"test_loss":3.2509896733086228,"train_loss":3.251130678251871,"_step":1,"train_accuracy":0.10018518518518518,"test_accuracy":0.1,"_wandb":{"runtime":16},"val_accuracy":0.09833333333333333,"epochs_completed":5,"_timestamp":1.741248042731261e+09,"val_loss":3.251131396936759}