{"train_accuracy":0.10074074074074074,"_runtime":69.445927978,"_step":10,"val_loss":3.250985464645291,"pruned":true,"epoch":10,"train_loss":3.2508490994393697,"val_accuracy":0.09333333333333334,"_timestamp":1.7421929184108047e+09,"_wandb":{"runtime":69}}