{"epochs_completed":10,"_timestamp":1.7415183099537013e+09,"_runtime":48.935006996,"test_accuracy":0.8631,"_step":1,"train_loss":0.5299379754658627,"_wandb":{"runtime":48},"train_accuracy":0.8922037037037037,"val_loss":0.6000849036657919,"val_accuracy":0.8756666666666667,"test_loss":0.6545529966438773}