{"val_loss":3.251096884289471,"val_accuracy":0.099,"train_loss":3.251032677449004,"epochs_completed":5,"_timestamp":1.7412473821061838e+09,"test_accuracy":0.1,"train_accuracy":0.10011111111111111,"_step":1,"test_loss":3.2508937988789324,"_wandb":{"runtime":10},"_runtime":10.310361072}