{"_timestamp":1.7415249127996159e+09,"_runtime":134.829014628,"_step":0,"_wandb":{"runtime":134},"pruned":true}