{"_runtime":102.371518613,"_step":0,"_wandb":{"runtime":102},"pruned":true,"_timestamp":1.7415081750076303e+09}