{"_runtime":22.811660317,"val_accuracy":0.09333333333333334,"_wandb":{"runtime":22},"train_loss":NaN,"epoch":10,"final_test_loss":NaN,"_step":10,"train_accuracy":0.10074074074074074,"final_test_accuracy":0.1,"_timestamp":1.7422242638694713e+09,"val_loss":NaN}