{"_wandb":{"runtime":161},"pruned":true,"_timestamp":1.7415171911517239e+09,"_runtime":161.845635473,"_step":0}