{"train_accuracy":0.09977777777777778,"_step":10,"epoch":10,"final_test_loss":3.255473613842729,"val_accuracy":0.102,"train_loss":3.2563138236188016,"val_loss":3.2539751365720533,"_timestamp":1.7422247879504435e+09,"final_test_accuracy":0.1,"_wandb":{"runtime":12},"_runtime":12.877562724}