{"_step":1,"_runtime":58.736657484,"_wandb":{"runtime":58},"train_accuracy":0.10074074074074074,"val_loss":3.2510080379285733,"test_accuracy":0.1,"_timestamp":1.7412531469986773e+09,"epochs_completed":5,"test_loss":3.250844546197539,"val_accuracy":0.09333333333333334,"train_loss":3.2509074219206715}