{"test_accuracy":0.7403,"_wandb":{"runtime":33},"epochs_completed":5,"_timestamp":1.7412502495787115e+09,"train_accuracy":0.7525,"val_loss":1.156170799458968,"val_accuracy":0.7578333333333334,"train_loss":1.2064068816133602,"_step":1,"_runtime":33.053648687,"test_loss":1.185965871735568}