{"test_loss":0.6366422791358166,"_wandb":{"runtime":62},"val_loss":0.5863716896405214,"_step":6,"epoch":5,"val_accuracy":0.8808333333333334,"_timestamp":1.7421938352535877e+09,"train_loss":0.5430825831246459,"train_accuracy":0.8946851851851851,"epochs_completed":5,"_runtime":62.608788576,"test_accuracy":0.8729}