{"test_loss":3.2494124402704534,"_wandb":{"runtime":18},"_step":1,"val_accuracy":0.09833333333333333,"_runtime":18.603486014,"_timestamp":1.7415000884576905e+09,"val_loss":3.2494071548310575,"train_accuracy":0.10018518518518518,"epochs_completed":5,"train_loss":3.249749231226282,"test_accuracy":0.1}