{"_step":1,"val_loss":3.251204720798966,"test_loss":3.25120807415928,"train_accuracy":0.10074074074074074,"val_accuracy":0.09333333333333334,"_timestamp":1.741254153881762e+09,"_runtime":53.84756313,"test_accuracy":0.1,"epochs_completed":5,"train_loss":3.251297722799287,"_wandb":{"runtime":53}}