{"_runtime":115.291001229,"_step":0,"_wandb":{"runtime":115},"pruned":true,"_timestamp":1.7415257431248e+09}