{"_timestamp":1.742228760039664e+09,"val_loss":0.9644864105648377,"pruned":true,"epoch":5,"_step":5,"_wandb":{"runtime":12},"train_accuracy":0.7917222222222222,"val_accuracy":0.7988333333333333,"_runtime":12.44122045,"train_loss":0.9972417735860263}