{"_step":10,"final_test_accuracy":0.1,"_runtime":28.210682575,"_timestamp":1.742225265018871e+09,"_wandb":{"runtime":28},"train_accuracy":0.10074074074074074,"val_accuracy":0.09333333333333334,"final_test_loss":NaN,"val_loss":NaN,"epoch":10,"train_loss":NaN}