{"_step":0,"_wandb":{"runtime":142},"pruned":true,"_timestamp":1.741514470456949e+09,"_runtime":142.40900039}