{"_wandb":{"runtime":8},"_timestamp":1.7421914608941374e+09,"val_loss":3.2509618932930353,"_runtime":8.892488107,"_step":5,"epoch":5,"train_accuracy":0.10074074074074074,"val_accuracy":0.09333333333333334,"pruned":true,"train_loss":3.2508577145029176}