{"test_loss":3.253457827218195,"epochs_completed":5,"val_accuracy":0.10716666666666666,"val_loss":3.252411468666966,"epoch":5,"_timestamp":1.7422283900872133e+09,"_runtime":41.877398778,"_wandb":{"runtime":41},"train_loss":3.2530743479779933,"test_accuracy":0.1,"train_accuracy":0.09920370370370371,"_step":6}