{"pruned":true,"train_loss":0.7466238390953007,"_timestamp":1.742193491860315e+09,"_runtime":46.567755375,"_step":10,"_wandb":{"runtime":46},"train_accuracy":0.8549814814814815,"val_loss":0.7651159135805359,"val_accuracy":0.8483333333333334,"epoch":10}