{"_timestamp":1.7415245105882196e+09,"_runtime":163.04440049,"_wandb":{"runtime":163},"_step":0,"pruned":true}