{"_runtime":87.359596556,"epoch":10,"val_loss":3.2520280502494074,"_timestamp":1.7422253569279306e+09,"_step":10,"final_test_loss":3.2527983754033767,"_wandb":{"runtime":87},"val_accuracy":0.10133333333333333,"final_test_accuracy":0.1,"train_accuracy":0.09985185185185186,"train_loss":3.2560693365148263}