{"epochs_completed":5,"train_loss":3.251040837384796,"_timestamp":1.7412464691722062e+09,"val_loss":3.2510553294020816,"test_accuracy":0.1,"test_loss":3.2508907816421897,"_wandb":{"runtime":9},"_step":1,"_runtime":9.066948539,"val_accuracy":0.099,"train_accuracy":0.10011111111111111}