{"_step":0,"_wandb":{"runtime":138},"pruned":true,"_timestamp":1.7415237646942573e+09,"_runtime":138.021178494}