{"test_loss":0.7466443224073146,"epochs_completed":5,"_runtime":14.552683363,"train_loss":0.710048853425139,"val_accuracy":0.8636666666666667,"_step":1,"_wandb":{"runtime":14},"_timestamp":1.7415081918625536e+09,"val_loss":0.69690148715546,"test_accuracy":0.8485,"train_accuracy":0.8627407407407407}