{"_wandb":{"runtime":27},"pruned":true,"_timestamp":1.7415124468324049e+09,"_runtime":27.388516927,"_step":0}