{"_wandb":{"runtime":17},"_runtime":17.662186792,"_step":0,"pruned":true,"_timestamp":1.7415234031507394e+09}