{"val_accuracy":0.86,"_runtime":45.01320647,"epoch":5,"train_loss":0.7152499242676634,"val_loss":0.697790004699768,"train_accuracy":0.8637962962962963,"_timestamp":1.7421940632800612e+09,"_step":5,"pruned":true,"_wandb":{"runtime":45}}