{"_wandb":{"runtime":140},"pruned":true,"_timestamp":1.7415122325040894e+09,"_runtime":140.117820401,"_step":0}