{"final_test_loss":3.254247414681595,"final_test_accuracy":0.1,"train_accuracy":0.1002962962962963,"epoch":5,"val_accuracy":0.09733333333333333,"_step":5,"_wandb":{"runtime":8},"_timestamp":1.7422264344380805e+09,"_runtime":8.537179504000001,"val_loss":3.253487289574873,"train_loss":3.2553638924571513}