{"_runtime":12.989585697999999,"_timestamp":1.7422251506789107e+09,"final_test_loss":NaN,"val_loss":NaN,"epoch":5,"_wandb":{"runtime":12},"val_accuracy":0.09333333333333334,"final_test_accuracy":0.1,"train_accuracy":0.10074074074074074,"_step":5,"train_loss":NaN}