{"test_accuracy":0.1,"_runtime":12.689517826,"train_loss":3.252013025302066,"epochs_completed":5,"val_loss":3.251097465622365,"train_accuracy":0.10011111111111111,"_timestamp":1.7412467045037596e+09,"_step":1,"test_loss":3.25111452573607,"_wandb":{"runtime":12},"val_accuracy":0.099}