{"pruned":true,"_timestamp":1.7415180831944022e+09,"_runtime":36.607823784,"_step":0,"_wandb":{"runtime":36}}