{"pruned":true,"_timestamp":1.741516108596326e+09,"_runtime":25.237328172,"_step":0,"_wandb":{"runtime":25}}