{"epoch":5,"_timestamp":1.742225489967949e+09,"_step":5,"train_loss":16.168314672447547,"final_test_accuracy":0.1,"_runtime":14.452428015,"train_accuracy":0.10018518518518518,"val_accuracy":0.09833333333333333,"val_loss":4.856860626239154,"_wandb":{"runtime":14},"final_test_loss":4.865654123638091}