{"_step":0,"pruned":true,"_timestamp":1.7415080122514422e+09,"_wandb":{"runtime":21},"_runtime":21.451686615}