{"_step":0,"pruned":true,"_wandb":{"runtime":25},"_timestamp":1.7415256018461394e+09,"_runtime":25.389739752}