{"val_loss":3.25174194109053,"_timestamp":1.7412502902367356e+09,"test_loss":3.251473186499754,"epochs_completed":5,"test_accuracy":0.1,"train_accuracy":0.10018518518518518,"_step":1,"train_loss":3.2515856696610523,"_wandb":{"runtime":34},"_runtime":34.612464459,"val_accuracy":0.09833333333333333}