{"pruned":true,"_timestamp":1.7415078100162833e+09,"_runtime":111.951706429,"_step":0,"_wandb":{"runtime":111}}