{"pruned":true,"_timestamp":1.741509477139572e+09,"_runtime":94.647521464,"_step":0,"_wandb":{"runtime":94}}