{"test_accuracy":0.1,"train_loss":3.2534531666349675,"_wandb":{"runtime":28},"_step":1,"val_loss":3.2551352582684134,"train_accuracy":0.10074074074074074,"_runtime":28.27323094,"epochs_completed":5,"test_loss":3.2542457409265424,"val_accuracy":0.09333333333333334,"_timestamp":1.7412483438046813e+09}