{"_step":0,"pruned":true,"_timestamp":1.74152389678895e+09,"_wandb":{"runtime":129},"_runtime":129.544411977}