{"_runtime":160.191654904,"_step":0,"_wandb":{"runtime":160},"pruned":true,"_timestamp":1.7415209681189222e+09}