{"_timestamp":1.7415231091509776e+09,"_runtime":49.795916341,"_wandb":{"runtime":49},"_step":0,"pruned":true}