{"_wandb":{"runtime":53},"_step":0,"pruned":true,"_timestamp":1.741523312860714e+09,"_runtime":53.275839919}