{"epochs_completed":5,"_wandb":{"runtime":16},"train_loss":3.2512784769202456,"test_loss":3.251008885172275,"val_accuracy":0.099,"_runtime":16.17795201,"_timestamp":1.7412478407059712e+09,"_step":1,"val_loss":3.251268382939266,"test_accuracy":0.1,"train_accuracy":0.10011111111111111}