{"_timestamp":1.7415134780316164e+09,"_runtime":95.351503056,"_step":0,"pruned":true,"_wandb":{"runtime":95}}