{"test_loss":3.2509813382658637,"_runtime":12.418728836,"val_accuracy":0.099,"epochs_completed":5,"test_accuracy":0.1,"train_accuracy":0.10011111111111111,"_timestamp":1.7412475518678212e+09,"_wandb":{"runtime":12},"train_loss":3.2512917477229974,"val_loss":3.251093004814943,"_step":1}