{"_runtime":21.922279699,"val_loss":NaN,"train_accuracy":0.10074074074074074,"val_accuracy":0.09333333333333334,"_wandb":{"runtime":21},"train_loss":NaN,"final_test_loss":NaN,"_step":10,"final_test_accuracy":0.1,"epoch":10,"_timestamp":1.7422262543792377e+09}