{"final_test_loss":0.5960592924482999,"final_test_accuracy":0.8756,"_timestamp":1.7415282381044624e+09,"_runtime":129.465849194,"_step":0,"_wandb":{"runtime":129}}