{"_timestamp":1.742229076012361e+09,"val_loss":1.1895995587383694,"_runtime":29.264510932,"epoch":10,"train_loss":1.369825422882161,"val_accuracy":0.7513333333333333,"_step":10,"_wandb":{"runtime":29},"pruned":true,"train_accuracy":0.7467037037037038}