{"_timestamp":1.741509833399152e+09,"_runtime":82.997733746,"_step":0,"_wandb":{"runtime":82},"pruned":true}