{"epochs_completed":5,"train_accuracy":0.09985185185185186,"_step":1,"test_loss":3.25362987117083,"val_loss":3.254431323162046,"val_accuracy":0.10133333333333333,"_wandb":{"runtime":18},"_timestamp":1.74124824018457e+09,"_runtime":18.966515218,"test_accuracy":0.1,"train_loss":3.2530631754173016}