{"_wandb":{"runtime":140},"pruned":true,"_timestamp":1.7415153776836245e+09,"_runtime":140.363156185,"_step":0}