{"test_loss":3.2509812039910067,"_runtime":30.484271664,"test_accuracy":0.1,"val_loss":3.2511536478506478,"_wandb":{"runtime":30},"epoch":10,"epochs_completed":10,"train_loss":3.2513247201337716,"train_accuracy":0.10018518518518518,"val_accuracy":0.09833333333333333,"_step":11,"_timestamp":1.7422280951346126e+09}