{"_runtime":15.327979075,"val_accuracy":0.09333333333333334,"epoch":10,"train_accuracy":0.10074074074074074,"_timestamp":1.7421914777747228e+09,"pruned":true,"_wandb":{"runtime":15},"train_loss":3.250835369726549,"_step":10,"val_loss":3.250956060474051}