{"val_accuracy":0.8853333333333333,"_wandb":{"runtime":128},"val_loss":0.554344783697819,"epochs_completed":10,"_timestamp":1.7415260611054182e+09,"_step":1,"test_loss":0.6027183744033111,"train_accuracy":0.9102037037037037,"train_loss":0.45965526926287126,"_runtime":128.47419438,"test_accuracy":0.8754}