{"test_accuracy":0.1,"_timestamp":1.7422280621878712e+09,"train_loss":3.2508543960828007,"train_accuracy":0.10018518518518518,"val_loss":3.2508687271881853,"_wandb":{"runtime":25},"val_accuracy":0.09833333333333333,"_runtime":25.500775963,"epoch":10,"_step":11,"test_loss":3.2508312747308383,"epochs_completed":10}