{"_runtime":141.166104653,"_step":0,"_wandb":{"runtime":141},"pruned":true,"_timestamp":1.7415140405665395e+09}