{"_step":1,"test_accuracy":0.1,"train_accuracy":0.10018518518518518,"val_accuracy":0.09833333333333333,"train_loss":3.262765773966081,"val_loss":3.258530282352065,"_runtime":62.059063321,"_timestamp":1.741251894253542e+09,"epochs_completed":5,"_wandb":{"runtime":62},"test_loss":3.2593666134586083}