{"test_loss":3.251194459684561,"_timestamp":1.7412539684063418e+09,"val_loss":3.2512070781335836,"_wandb":{"runtime":50},"train_accuracy":0.10074074074074074,"val_accuracy":0.09333333333333334,"test_accuracy":0.1,"epochs_completed":5,"train_loss":3.25129774553315,"_step":1,"_runtime":50.569570693}