{"pruned":true,"_timestamp":1.7415083348807766e+09,"_runtime":22.406327469,"_wandb":{"runtime":22},"_step":0}