{"val_loss":3.249339162483318,"test_loss":3.249291805567083,"train_accuracy":0.10018518518518518,"_runtime":20.306947739,"epochs_completed":5,"_step":1,"_timestamp":1.741249384264629e+09,"test_accuracy":0.1,"_wandb":{"runtime":20},"train_loss":3.2496213957714852,"val_accuracy":0.09833333333333333}