{"_wandb":{"runtime":48},"pruned":true,"_timestamp":1.7415222295912488e+09,"_runtime":48.021639728,"_step":0}