{"_timestamp":1.7415163018654408e+09,"_runtime":80.576072962,"_step":0,"_wandb":{"runtime":80},"pruned":true}