{"_wandb":{"runtime":14},"_step":0,"pruned":true,"_timestamp":1.7415138977205515e+09,"_runtime":14.301304762000001}