{"_wandb":{"runtime":97},"pruned":true,"_timestamp":1.7415112017685552e+09,"_runtime":97.984766258,"_step":0}