{"_wandb":{"runtime":14},"pruned":true,"_timestamp":1.7415277562146199e+09,"_runtime":14.001361694,"_step":0}