{"_wandb":{"runtime":138},"pruned":true,"_timestamp":1.7415104026618366e+09,"_runtime":138.882431188,"_step":0}