{"epoch":10,"train_accuracy":0.09920370370370371,"_wandb":{"runtime":29},"val_accuracy":0.10716666666666666,"final_test_accuracy":0.1,"final_test_loss":3.336002416538896,"_runtime":29.250705488,"val_loss":3.325863477629413,"_timestamp":1.7422253913356252e+09,"_step":10,"train_loss":15.466151019307437}