{"train_loss":3.2519208164441733,"train_accuracy":0.1002962962962963,"epochs_completed":10,"_step":1,"test_loss":3.251212200696324,"_timestamp":1.7415180366376696e+09,"_runtime":29.160261096,"val_accuracy":0.09733333333333333,"_wandb":{"runtime":29},"test_accuracy":0.1,"val_loss":3.2515475446985085}