{"final_test_loss":3.252578980744512,"_runtime":14.124310424,"train_loss":6.481813961252304,"val_accuracy":0.09833333333333333,"final_test_accuracy":0.1,"_step":10,"train_accuracy":0.10018518518518518,"val_loss":3.2519997525612063,"_wandb":{"runtime":14},"epoch":10,"_timestamp":1.7422251290405345e+09}