{"val_loss":3.2510332179984798,"test_accuracy":0.1,"epoch":5,"train_accuracy":0.10074074074074074,"train_loss":3.250962093405477,"test_loss":3.2508768172998432,"val_accuracy":0.09333333333333334,"_timestamp":1.7422281443445148e+09,"_runtime":47.290360632,"epochs_completed":5,"_wandb":{"runtime":47},"_step":6}