{"_runtime":100.616805339,"_step":0,"_wandb":{"runtime":100},"pruned":true,"_timestamp":1.7415111017904978e+09}