{"_wandb":{"runtime":36},"val_loss":0.8200378734621127,"train_loss":0.8368414281884111,"_timestamp":1.7415179981688101e+09,"test_loss":0.8775614993324335,"test_accuracy":0.8229,"train_accuracy":0.8340740740740741,"val_accuracy":0.836,"_step":1,"epochs_completed":10,"_runtime":36.423643775}