{"_wandb":{"runtime":141},"_runtime":141.310735537,"_step":0,"pruned":true,"_timestamp":1.7415155209549356e+09}