{"test_loss":3.250834844445251,"_wandb":{"runtime":20},"train_accuracy":0.10074074074074074,"val_accuracy":0.09333333333333334,"epochs_completed":10,"_step":11,"val_loss":3.2509458431797467,"test_accuracy":0.1,"_runtime":20.519777724,"epoch":10,"train_loss":3.2508654416256064,"_timestamp":1.7422282689850616e+09}