{"test_loss":0.7012389208204027,"val_accuracy":0.8663333333333333,"_step":6,"_runtime":16.513862159,"test_accuracy":0.8571,"val_loss":0.6544187295145952,"train_loss":0.6064992719007228,"epochs_completed":5,"_wandb":{"runtime":16},"epoch":5,"train_accuracy":0.8759444444444444,"_timestamp":1.742228740103827e+09}