{"train_accuracy":0.8968518518518519,"val_loss":0.577484713774486,"_step":1,"_timestamp":1.7415194558635147e+09,"train_loss":0.5074188773925805,"_runtime":133.890480473,"test_accuracy":0.8665,"_wandb":{"runtime":133},"val_accuracy":0.8788333333333334,"epochs_completed":10,"test_loss":0.6334147419709975}