{"epochs_completed":5,"_step":1,"train_loss":3.250999826629521,"val_accuracy":0.099,"test_loss":3.25087548282222,"_wandb":{"runtime":10},"_runtime":10.540678355,"train_accuracy":0.10011111111111111,"test_accuracy":0.1,"_timestamp":1.7412465176395638e+09,"val_loss":3.250982144806399}