{"_timestamp":1.7415221319729664e+09,"_runtime":18.80983138,"_step":0,"_wandb":{"runtime":18},"pruned":true}