{"_wandb":{"runtime":51},"val_accuracy":0.102,"_timestamp":1.7412510800826354e+09,"test_accuracy":0.1,"train_accuracy":0.09977777777777778,"train_loss":3.2549342430493167,"val_loss":3.25308724038002,"epochs_completed":5,"test_loss":3.253771649640699,"_runtime":51.224718053,"_step":1}