{"_runtime":45.427969316,"train_accuracy":0.10074074074074074,"_timestamp":1.7422265794056647e+09,"final_test_loss":NaN,"train_loss":NaN,"epoch":10,"val_accuracy":0.09333333333333334,"final_test_accuracy":0.1,"_wandb":{"runtime":45},"val_loss":NaN,"_step":10}