{"_timestamp":1.7412475062404897e+09,"val_accuracy":0.5338333333333334,"test_loss":1.937740126426723,"_step":1,"test_accuracy":0.5252,"val_loss":1.9258819918153052,"train_loss":1.9807905994023758,"train_accuracy":0.5289444444444444,"_runtime":13.688716133,"_wandb":{"runtime":13},"epochs_completed":5}