{"pruned":true,"_timestamp":1.7415105438712318e+09,"_wandb":{"runtime":139},"_runtime":139.138682135,"_step":0}