{"val_loss":3.2509303107362757,"test_loss":3.250837754566911,"_timestamp":1.7412472329353802e+09,"val_accuracy":0.09333333333333334,"_runtime":10.508252284,"test_accuracy":0.1,"_wandb":{"runtime":10},"_step":1,"epochs_completed":5,"train_accuracy":0.10074074074074074,"train_loss":3.250856483160292}