{"_runtime":44.79589138,"_step":0,"pruned":true,"_timestamp":1.741522179021537e+09,"_wandb":{"runtime":44}}