{"_wandb":{"runtime":138},"pruned":true,"_timestamp":1.7415102611415992e+09,"_runtime":138.852300931,"_step":0}