{"_timestamp":1.7415281048326502e+09,"_runtime":115.531283684,"_step":0,"_wandb":{"runtime":115},"pruned":true}