{"val_accuracy":0.10283333333333333,"_wandb":{"runtime":8},"epoch":5,"train_loss":3.26522439355259,"train_accuracy":0.09968518518518518,"final_test_accuracy":0.1,"val_loss":3.2706361405710096,"_runtime":8.542706446,"_step":5,"final_test_loss":3.2764769190152947,"_timestamp":1.7422263564306092e+09}