{"pruned":true,"_timestamp":1.741515027731236e+09,"_wandb":{"runtime":92},"_runtime":92.459296984,"_step":0}