{"final_test_accuracy":0.8716,"_timestamp":1.7422295393726823e+09,"_runtime":26.984996193,"_step":0,"_wandb":{"runtime":26},"final_test_loss":0.6380128664508258}