{"epochs_completed":5,"test_loss":3.2514448237243365,"val_loss":3.2517590017143454,"_wandb":{"runtime":33},"val_accuracy":0.09833333333333333,"_timestamp":1.7412504250330412e+09,"test_accuracy":0.1,"train_accuracy":0.10018518518518518,"_runtime":33.830589352,"_step":1,"train_loss":3.2515100126772096}