{"_step":1,"test_accuracy":0.1,"train_loss":3.251315483710307,"_runtime":45.729552208,"train_accuracy":0.10074074074074074,"val_loss":3.251123211302026,"_wandb":{"runtime":45},"test_loss":3.251156029216866,"_timestamp":1.741250677880745e+09,"val_accuracy":0.09333333333333334,"epochs_completed":5}