{"_runtime":23.071210226,"final_test_loss":24.277267797014538,"_wandb":{"runtime":23},"val_accuracy":0.099,"_step":10,"train_loss":16.07156040662674,"final_test_accuracy":0.1,"_timestamp":1.7422267048225164e+09,"epoch":10,"val_loss":24.299473181068063,"train_accuracy":0.10011111111111111}