{"_timestamp":1.7422240476138015e+09,"epoch":10,"final_test_accuracy":0.1,"val_accuracy":0.10716666666666666,"train_accuracy":0.09920370370370371,"_wandb":{"runtime":20},"val_loss":41.11649440417842,"train_loss":41.48320239980955,"_runtime":20.003291347,"final_test_loss":41.446531600246495,"_step":10}