{"_step":0,"pruned":true,"_timestamp":1.741511441392805e+09,"_wandb":{"runtime":133},"_runtime":133.771712084}