{"test_loss":3.250851874453632,"val_loss":3.2509387605340776,"_timestamp":1.7421913007058334e+09,"_wandb":{"runtime":13},"_step":6,"train_loss":3.250940135672665,"epoch":5,"val_accuracy":0.099,"epochs_completed":5,"test_accuracy":0.1,"_runtime":13.364587180000001,"train_accuracy":0.10011111111111111}