{"train_accuracy":0.1002962962962963,"_runtime":14.008553497,"final_test_loss":3.5961992565550034,"_wandb":{"runtime":14},"val_loss":3.590867804722447,"val_accuracy":0.09733333333333333,"train_loss":4.130296457692248,"final_test_accuracy":0.1,"_timestamp":1.7422269429017334e+09,"epoch":5,"_step":5}