{"_runtime":131.890204272,"_step":0,"_wandb":{"runtime":131},"pruned":true,"_timestamp":1.7415200412236626e+09}