{"train_loss":3.252013025302066,"_timestamp":1.7412467250384352e+09,"_step":1,"_wandb":{"runtime":11},"epochs_completed":5,"train_accuracy":0.10011111111111111,"test_loss":3.25111452573607,"_runtime":11.546904164,"val_loss":3.251097465622365,"test_accuracy":0.1,"val_accuracy":0.099}