{"test_accuracy":0.1,"test_loss":3.2509842383576304,"_wandb":{"runtime":25},"_runtime":25.300177916,"train_accuracy":0.10018518518518518,"val_accuracy":0.09833333333333333,"_step":1,"train_loss":3.2511358491018356,"epochs_completed":5,"val_loss":3.2511056145330186,"_timestamp":1.741249647275289e+09}