{"_timestamp":1.7415156648267672e+09,"_runtime":140.611552577,"_step":0,"_wandb":{"runtime":140},"pruned":true}