{"_wandb":{"runtime":59},"pruned":true,"_timestamp":1.7415096205414686e+09,"_runtime":59.175749561,"_step":0}