{"_runtime":45.468567483,"_step":0,"pruned":true,"_timestamp":1.7415173812098172e+09,"_wandb":{"runtime":45}}