{"_wandb":{"runtime":161},"pruned":true,"_timestamp":1.7415136425310166e+09,"_runtime":161.963688322,"_step":0}