{"_wandb":{"runtime":29},"_step":1,"test_accuracy":0.1,"test_loss":3.2509842442803936,"_timestamp":1.7412496828761182e+09,"val_loss":3.251105621706361,"_runtime":29.29119437,"train_loss":3.2511358664092747,"train_accuracy":0.10018518518518518,"val_accuracy":0.09833333333333333,"epochs_completed":5}