{"_runtime":63.424576454,"_wandb":{"runtime":63},"_step":5,"epoch":5,"_timestamp":1.7421932419258022e+09,"val_loss":3.2508777248087286,"train_accuracy":0.10074074074074074,"val_accuracy":0.09333333333333334,"train_loss":3.250875085863042,"pruned":true}