{"train_loss":3.250897644394745,"_wandb":{"runtime":12},"val_loss":3.250900549314334,"test_loss":3.2508398135268575,"epoch":5,"train_accuracy":0.10011111111111111,"val_accuracy":0.099,"_runtime":12.526668858,"test_accuracy":0.1,"_timestamp":1.7421909321446908e+09,"epochs_completed":5,"_step":6}