{"epochs_completed":5,"train_loss":3.251594424305789,"test_accuracy":0.1,"val_loss":3.251802560054182,"_timestamp":1.741249800483836e+09,"_runtime":33.760382785,"val_accuracy":0.09833333333333333,"_step":1,"test_loss":3.251485316104342,"train_accuracy":0.10018518518518518,"_wandb":{"runtime":33}}