{"_wandb":{"runtime":140},"pruned":true,"_timestamp":1.7415143260924387e+09,"_runtime":140.896662955,"_step":0}