{"correct_predictions":8573,"test_accuracy":0.8573,"_step":6,"total_predictions":10000,"loss_function":"mean_squared_error","epoch":5,"_runtime":69.417645007,"test_loss":0.20118981733774088,"final_train_accuracy":0.8794666666666666,"train_accuracy":0.8794666666666666,"final_train_loss":0.15954175319816713,"_timestamp":1.7422331356508067e+09,"train_loss":0.15954175319816713,"_wandb":{"runtime":69}}