{"val_accuracy":0.8781666666666667,"test_accuracy":0.8651,"_step":6,"epoch":5,"train_loss":0.6043627915076686,"test_loss":0.6598372821838706,"epochs_completed":5,"_runtime":18.304234805,"val_loss":0.6093680859760804,"_wandb":{"runtime":18},"_timestamp":1.7422287861909647e+09,"train_accuracy":0.886}