{"val_accuracy":0.8611666666666666,"epoch":5,"val_loss":0.7133872345196284,"_step":6,"_timestamp":1.742228716252767e+09,"test_loss":0.7651288764385666,"train_accuracy":0.8632777777777778,"test_accuracy":0.846,"_wandb":{"runtime":12},"epochs_completed":5,"train_loss":0.7241400329241048,"_runtime":12.824040861}