{"_runtime":92.761105734,"_step":0,"pruned":true,"_wandb":{"runtime":92},"_timestamp":1.7415190437855086e+09}