{"val_accuracy":0.10283333333333333,"_runtime":10.470566229,"_step":5,"epoch":5,"train_loss":3.254386369815488,"_timestamp":1.742223889025472e+09,"final_test_loss":3.2558609312473736,"train_accuracy":0.09968518518518518,"_wandb":{"runtime":10},"final_test_accuracy":0.1,"val_loss":3.2534673159317613}