{"pruned":true,"_timestamp":1.7415170263043907e+09,"_runtime":139.020525012,"_step":0,"_wandb":{"runtime":139}}