{"_step":0,"pruned":true,"_wandb":{"runtime":134},"_timestamp":1.741527893337399e+09,"_runtime":134.776341292}