{"train_loss":3.2511890649951107,"val_accuracy":0.09833333333333333,"_timestamp":1.74124951944776e+09,"_wandb":{"runtime":21},"_step":1,"test_accuracy":0.1,"epochs_completed":5,"train_accuracy":0.10018518518518518,"_runtime":21.726418308,"test_loss":3.250998682268856,"val_loss":3.2511410003107857}