{"_wandb":{"runtime":140},"_runtime":140.108095391,"_step":0,"pruned":true,"_timestamp":1.7415173336483362e+09}