{"train_loss":24.948538273415053,"_timestamp":1.7422247233746324e+09,"final_test_loss":21.26147729100436,"train_accuracy":0.1002962962962963,"_step":10,"val_accuracy":0.09733333333333333,"_wandb":{"runtime":50},"final_test_accuracy":0.1,"epoch":10,"_runtime":50.591448111,"val_loss":21.185246014599855}