{"_runtime":101.628031809,"_step":0,"_wandb":{"runtime":101},"pruned":true,"_timestamp":1.7415085078601203e+09}