{"val_accuracy":0.09333333333333334,"_runtime":15.614705501,"train_accuracy":0.10074074074074074,"epoch":5,"_step":5,"val_loss":NaN,"final_test_accuracy":0.1,"_wandb":{"runtime":15},"train_loss":NaN,"final_test_loss":NaN,"_timestamp":1.74222675205434e+09}