{"_timestamp":1.742226333733504e+09,"final_test_accuracy":0.1,"train_accuracy":0.10018518518518518,"epoch":5,"train_loss":3.454268990584836,"_step":5,"val_accuracy":0.09833333333333333,"_runtime":73.591182818,"final_test_loss":3.256555873222665,"_wandb":{"runtime":73},"val_loss":3.2557370662318075}