{"val_loss":3.251758197408365,"test_loss":3.2514478084231464,"train_loss":3.251514269235614,"_timestamp":1.741250172895576e+09,"val_accuracy":0.09833333333333333,"epochs_completed":5,"test_accuracy":0.1,"_wandb":{"runtime":31},"_step":1,"train_accuracy":0.10018518518518518,"_runtime":31.554142358}