{"val_loss":3.251138284644842,"val_accuracy":0.09833333333333333,"epochs_completed":5,"test_accuracy":0.1,"_runtime":20.60893964,"_timestamp":1.7412493498164983e+09,"_step":1,"train_loss":3.2511899548954926,"train_accuracy":0.10018518518518518,"_wandb":{"runtime":20},"test_loss":3.250998374466906}