{"_timestamp":1.7415223613740573e+09,"_runtime":129.751516992,"_step":0,"_wandb":{"runtime":129},"pruned":true}