{"_runtime":9.82502056,"epochs_completed":5,"val_loss":3.2531902351552078,"test_accuracy":0.1,"_step":1,"train_accuracy":0.09985185185185186,"_timestamp":1.741247248911263e+09,"_wandb":{"runtime":9},"val_accuracy":0.10133333333333333,"test_loss":3.252911757691068,"train_loss":3.2541692706552765}