{"pruned":true,"_wandb":{"runtime":50},"_timestamp":1.7415126359506466e+09,"_runtime":50.848563821,"_step":0}