{"pruned":true,"train_loss":3.2508309549857657,"val_loss":3.2509250972921477,"val_accuracy":0.09333333333333334,"_runtime":69.579178122,"_wandb":{"runtime":69},"train_accuracy":0.10074074074074074,"_step":10,"epoch":10,"_timestamp":1.7421924183711333e+09}