{"train_accuracy":0.09968518518518518,"_timestamp":1.7422268567847521e+09,"_step":10,"val_loss":17.472008234016947,"final_test_accuracy":0.1,"final_test_loss":17.519445800648125,"val_accuracy":0.10283333333333333,"_wandb":{"runtime":98},"epoch":10,"train_loss":32.61305404490319,"_runtime":98.181731664}