{"val_loss":NaN,"final_test_accuracy":0.1,"epoch":10,"_runtime":13.620219975,"val_accuracy":0.09333333333333334,"_timestamp":1.7422241489789221e+09,"train_loss":NaN,"final_test_loss":NaN,"_step":10,"train_accuracy":0.10074074074074074,"_wandb":{"runtime":13}}