{"_timestamp":1.7415191563590815e+09,"_runtime":109.870179664,"_step":0,"_wandb":{"runtime":109},"pruned":true}