{"_wandb":{"runtime":10},"val_loss":3.261305643392987,"_step":1,"test_loss":3.2600684103756743,"_runtime":10.613154064,"_timestamp":1.7412472087816262e+09,"train_loss":3.263710015596344,"epochs_completed":5,"val_accuracy":0.10133333333333333,"test_accuracy":0.1,"train_accuracy":0.09985185185185186}