{"_step":1,"test_loss":3.2510060284481113,"_timestamp":1.7412479903453126e+09,"val_accuracy":0.09833333333333333,"test_accuracy":0.1,"_wandb":{"runtime":17},"epochs_completed":5,"train_loss":3.2511844340585427,"val_loss":3.251169696437646,"_runtime":17.648690647,"train_accuracy":0.10018518518518518}