{"train_loss":3.250929310187325,"val_loss":3.2509718179961244,"train_accuracy":0.09996296296296296,"val_accuracy":0.10033333333333333,"_runtime":49.174331774,"epochs_completed":5,"test_accuracy":0.1,"test_loss":3.2508570223385114,"_step":1,"_timestamp":1.7412534735501237e+09,"_wandb":{"runtime":49}}