{"epoch":10,"val_accuracy":0.10716666666666666,"train_loss":3.258920355097619,"val_loss":3.252070338582758,"_runtime":18.981910166,"_step":10,"_timestamp":1.742223913121709e+09,"final_test_loss":3.2535803326689354,"_wandb":{"runtime":18},"final_test_accuracy":0.1,"train_accuracy":0.09920370370370371}