{"_timestamp":1.742228317357838e+09,"train_loss":0.6967799097116754,"epochs_completed":5,"_runtime":45.954688189,"_step":6,"test_loss":0.6954431485706962,"_wandb":{"runtime":45},"epoch":5,"val_loss":0.645340309489452,"train_accuracy":0.8714444444444445,"val_accuracy":0.8661666666666666,"test_accuracy":0.858}