{"pruned":true,"_timestamp":1.7415193196736085e+09,"_runtime":160.769040943,"_step":0,"_wandb":{"runtime":160}}