{"_wandb":{"runtime":107},"pruned":true,"_timestamp":1.7415162187764459e+09,"_runtime":107.968050664,"_step":0}