{"_step":0,"pruned":true,"_timestamp":1.7415229210817864e+09,"_wandb":{"runtime":133},"_runtime":133.757390703}