{"pruned":true,"_timestamp":1.7415119477556026e+09,"_runtime":140.027754927,"_step":0,"_wandb":{"runtime":140}}