{"_wandb":{"runtime":65},"test_accuracy":0.1,"val_accuracy":0.09333333333333334,"test_loss":3.2508445442542486,"_runtime":65.815902868,"val_loss":3.2510080123501077,"_timestamp":1.7412532661467977e+09,"train_accuracy":0.10074074074074074,"_step":1,"epochs_completed":5,"train_loss":3.250907418371582}