{"train_accuracy":0.5421111111111111,"test_loss":1.7148678906692016,"test_accuracy":0.5393,"_runtime":33.97710194,"_step":1,"val_loss":1.6962275323802305,"_timestamp":1.7412502128013346e+09,"train_loss":1.7304588537918129,"val_accuracy":0.5506666666666666,"_wandb":{"runtime":33},"epochs_completed":5}