{"_wandb":{"runtime":8},"_timestamp":1.742229108965496e+09,"val_accuracy":0.099,"train_loss":3.2508618155320055,"_step":5,"train_accuracy":0.10011111111111111,"val_loss":3.2509212293021554,"pruned":true,"_runtime":8.689875151,"epoch":5}