{"val_accuracy":0.244,"_step":1,"_wandb":{"runtime":13},"_timestamp":1.7412474335206008e+09,"epochs_completed":5,"_runtime":13.671552821,"val_loss":3.2328478017419107,"train_accuracy":0.24335185185185185,"test_loss":3.232968116025901,"test_accuracy":0.237,"train_loss":3.2354917379362798}