{"val_accuracy":0.09333333333333334,"_wandb":{"runtime":48},"epochs_completed":5,"_step":1,"_timestamp":1.7412536661035914e+09,"_runtime":48.902455257,"test_accuracy":0.1,"train_accuracy":0.10074074074074074,"train_loss":3.2513762474046155,"test_loss":3.2512558525394937,"val_loss":3.2513019517820423}