{"test_loss":3.2508380900148426,"train_loss":3.25085581409412,"_step":1,"test_accuracy":0.1,"val_loss":3.2509868948702074,"_timestamp":1.7415001856258e+09,"epochs_completed":10,"train_accuracy":0.10074074074074074,"_runtime":95.538251901,"val_accuracy":0.09333333333333334,"_wandb":{"runtime":95}}