{"_timestamp":1.741246529939853e+09,"_runtime":9.112940696,"val_loss":3.2514840420537583,"test_loss":3.2512606346673443,"train_accuracy":0.10011111111111111,"epochs_completed":5,"test_accuracy":0.1,"_wandb":{"runtime":9},"_step":1,"val_accuracy":0.099,"train_loss":3.252424125939098}