{"_wandb":{"runtime":79},"_runtime":79.866088575,"_step":0,"pruned":true,"_timestamp":1.741509559421772e+09}