{"test_loss":3.2542590997391487,"epochs_completed":5,"val_accuracy":0.10716666666666666,"_step":6,"val_loss":3.2529881700928454,"_wandb":{"runtime":41},"train_accuracy":0.09920370370370371,"train_loss":3.2536483674465844,"epoch":5,"test_accuracy":0.1,"_timestamp":1.7422278727350247e+09,"_runtime":41.811483423}