{"_timestamp":1.7415256253820014e+09,"_runtime":21.466097035,"_step":0,"_wandb":{"runtime":21},"pruned":true}