{"train_accuracy":0.10074074074074074,"_step":1,"_wandb":{"runtime":53},"epochs_completed":5,"train_loss":3.2513766400922886,"val_accuracy":0.09333333333333334,"test_accuracy":0.1,"_timestamp":1.7412540301639738e+09,"_runtime":53.422357657,"val_loss":3.251290434591704,"test_loss":3.251247954208605}