{"_wandb":{"runtime":72},"pruned":true,"_timestamp":1.741510934148265e+09,"_runtime":72.233762314,"_step":0}