{"test_loss":3.251849557699704,"train_accuracy":0.09920370370370371,"_wandb":{"runtime":60},"epochs_completed":5,"test_accuracy":0.1,"_runtime":60.73209065,"train_loss":3.253052926477911,"val_loss":3.2513085488283173,"_timestamp":1.7412516800359206e+09,"_step":1,"val_accuracy":0.10716666666666666}