{"pruned":true,"_timestamp":1.7415160744664018e+09,"_runtime":37.197304338,"_step":0,"_wandb":{"runtime":37}}