{"_step":0,"pruned":true,"_timestamp":1.7415123750316062e+09,"_runtime":140.560877638,"_wandb":{"runtime":140}}