{"_wandb":{"runtime":17},"pruned":true,"_timestamp":1.7415211232065544e+09,"_runtime":17.60777927,"_step":0}