{"_timestamp":1.7415221103206372e+09,"_runtime":134.140690642,"_step":0,"_wandb":{"runtime":134},"pruned":true}