{"_wandb":{"runtime":146},"_runtime":146.127346357,"_step":0,"pruned":true,"_timestamp":1.7415165968047338e+09}