{"_timestamp":1.7415267080042696e+09,"_runtime":130.374893122,"_step":0,"pruned":true,"_wandb":{"runtime":130}}