{"_timestamp":1.7415079887548025e+09,"_wandb":{"runtime":170},"_runtime":170.534800348,"_step":0,"pruned":true}