{"_runtime":11.172305595,"_step":0,"_wandb":{"runtime":11},"pruned":true,"_timestamp":1.7415180969784153e+09}