{"test_loss":1.716134243829798,"val_loss":1.698054405087299,"_timestamp":1.7412499669155805e+09,"train_loss":1.7322384116590654,"_step":1,"train_accuracy":0.5434444444444444,"test_accuracy":0.5408,"epochs_completed":5,"_runtime":34.466130749,"val_accuracy":0.5525,"_wandb":{"runtime":34}}