{"pruned":true,"_wandb":{"runtime":100},"_timestamp":1.7415116590840056e+09,"_runtime":100.280047589,"_step":0}