{"_timestamp":1.7415274719097815e+09,"_runtime":137.340384684,"_wandb":{"runtime":137},"_step":0,"pruned":true}