{"pruned":true,"_timestamp":1.741514933428277e+09,"_runtime":155.126459159,"_step":0,"_wandb":{"runtime":155}}