{"val_loss":3.2513034131896554,"train_accuracy":0.09985185185185186,"_step":10,"train_loss":3.2509147915732233,"_timestamp":1.7421937025373337e+09,"_runtime":86.482368298,"val_accuracy":0.10133333333333333,"_wandb":{"runtime":86},"epoch":10,"pruned":true}