{"train_accuracy":0.10018518518518518,"_step":1,"val_loss":3.2510419335132363,"test_accuracy":0.1,"_wandb":{"runtime":21},"_runtime":21.868862622,"epochs_completed":5,"test_loss":3.2508967368172663,"train_loss":3.250970983429177,"val_accuracy":0.09833333333333333,"_timestamp":1.7412493174318042e+09}