{"pruned":true,"_timestamp":1.7415097480405374e+09,"_runtime":116.744754262,"_step":0,"_wandb":{"runtime":116}}