{"_step":0,"_wandb":{"runtime":130},"pruned":true,"_timestamp":1.7415240296384518e+09,"_runtime":130.814465272}