{"_timestamp":1.7415167418131485e+09,"_runtime":142.300394079,"_step":0,"_wandb":{"runtime":142},"pruned":true}