{"_step":0,"pruned":true,"_wandb":{"runtime":6},"_timestamp":1.7415212704990115e+09,"_runtime":6.401307985}