{"_runtime":132.403555856,"_step":0,"_wandb":{"runtime":132},"pruned":true,"_timestamp":1.7415217241561682e+09}