{"val_accuracy":0.876,"_runtime":13.150262095,"_step":6,"epochs_completed":5,"train_loss":0.6062586256572029,"test_accuracy":0.8622,"test_loss":0.6742232402917517,"_timestamp":1.7422286381941223e+09,"val_loss":0.6245219766753382,"epoch":5,"train_accuracy":0.8807777777777778,"_wandb":{"runtime":13}}