{"_timestamp":1.7415152357442117e+09,"_wandb":{"runtime":34},"_runtime":34.917822658,"_step":0,"pruned":true}