{"_wandb":{"runtime":95},"_step":0,"pruned":true,"_timestamp":1.7415115563587e+09,"_runtime":95.203508882}