{"_step":10,"epoch":10,"train_loss":3.4077652007966606,"val_accuracy":0.09833333333333333,"_runtime":35.599169173,"_timestamp":1.7422249874399e+09,"final_test_accuracy":0.1,"_wandb":{"runtime":35},"train_accuracy":0.10018518518518518,"final_test_loss":3.2525609132244755,"val_loss":3.251878656494961}