{"final_test_loss":NaN,"train_loss":NaN,"_runtime":17.569078583,"_wandb":{"runtime":17},"_timestamp":1.7422241972975473e+09,"final_test_accuracy":0.1,"epoch":10,"val_accuracy":0.09333333333333334,"_step":10,"val_loss":NaN,"train_accuracy":0.10074074074074074}