{"pruned":true,"_timestamp":1.7415273225393765e+09,"_runtime":134.523311067,"_step":0,"_wandb":{"runtime":134}}