{"epochs_completed":5,"test_loss":3.2514753324612915,"test_accuracy":0.1,"_timestamp":1.7412500601235552e+09,"train_loss":3.251588960418779,"val_accuracy":0.09833333333333333,"_step":1,"val_loss":3.251740254841056,"_runtime":35.718001911,"_wandb":{"runtime":35},"train_accuracy":0.10018518518518518}