{"test_loss":0.6804808642671528,"_timestamp":1.7422319552463944e+09,"_runtime":67.52374314,"_step":0,"_wandb":{"runtime":68},"test_accuracy":0.8573}