{"final_test_loss":NaN,"_step":10,"epoch":10,"_wandb":{"runtime":12},"_runtime":12.355522859,"train_loss":NaN,"val_loss":NaN,"_timestamp":1.7422241746359801e+09,"train_accuracy":0.10074074074074074,"val_accuracy":0.09333333333333334,"final_test_accuracy":0.1}