{"_timestamp":1.742228345959339e+09,"train_loss":3.250847333897515,"epoch":10,"train_accuracy":0.10074074074074074,"pruned":true,"val_accuracy":0.09333333333333334,"_wandb":{"runtime":25},"val_loss":3.2508717517612578,"_runtime":25.447336322,"_step":10}