{"val_loss":0.6349837257920993,"_timestamp":1.7421927941542745e+09,"pruned":true,"train_loss":0.6191847016396462,"train_accuracy":0.8788703703703704,"_wandb":{"runtime":66},"val_accuracy":0.87,"_runtime":66.590064349,"epoch":5,"_step":5}