{"_wandb":{"runtime":157},"_runtime":157.224667257,"_step":0,"pruned":true,"_timestamp":1.741514775361166e+09}