{"test_accuracy":0.1,"_timestamp":1.7412471679341478e+09,"_wandb":{"runtime":8},"val_accuracy":0.10133333333333333,"_step":1,"train_accuracy":0.09985185185185186,"_runtime":8.226255231,"test_loss":3.260081047620983,"train_loss":3.263726620842409,"epochs_completed":5,"val_loss":3.2613202449721577}