{"_wandb":{"runtime":15},"_runtime":15.238524711,"_step":0,"pruned":true,"_timestamp":1.741511458740627e+09}