{"epochs_completed":10,"train_accuracy":0.10074074074074074,"test_loss":3.2520744601440206,"test_accuracy":0.1,"_wandb":{"runtime":88},"val_loss":3.253231038008898,"_runtime":88.926758127,"_timestamp":1.742228578394786e+09,"epoch":10,"_step":11,"val_accuracy":0.09333333333333334,"train_loss":3.252631841579701}