{"_wandb":{"runtime":45},"epoch":5,"val_accuracy":0.8585,"_timestamp":1.7421940159640386e+09,"train_loss":0.7549436783632305,"train_accuracy":0.8605185185185186,"pruned":true,"_runtime":45.779139443,"_step":5,"val_loss":0.7194966610535312}