{"train_accuracy":0.8375925925925926,"_runtime":144.948269493,"epoch":10,"train_loss":0.787034367814815,"val_accuracy":0.8365,"test_loss":0.8628977130244478,"test_accuracy":0.8235,"_wandb":{"runtime":144},"val_loss":0.8033792057570254,"epochs_completed":10,"_step":11,"_timestamp":1.7421916244291148e+09}