{"_runtime":142.699298979,"_step":0,"_wandb":{"runtime":142},"pruned":true,"_timestamp":1.7415146156346893e+09}