{"correct_predictions":8573,"total_predictions":10000,"final_train_loss":0.5402024864828429,"_runtime":69.268911647,"train_accuracy":0.8794666666666666,"train_loss":0.5402024864828429,"test_accuracy":0.8573,"final_train_accuracy":0.8794666666666666,"test_loss":0.6804808642671528,"epoch":5,"_wandb":{"runtime":69},"loss_function":"cross_entropy","_timestamp":1.7422330644181492e+09,"_step":6}