{"train_loss":NaN,"final_test_accuracy":0.1,"_runtime":6.923921318,"val_loss":NaN,"val_accuracy":0.09333333333333334,"_wandb":{"runtime":6},"epoch":5,"train_accuracy":0.10074074074074074,"_timestamp":1.7422240007395422e+09,"_step":5,"final_test_loss":NaN}