{"_wandb":{"runtime":42},"_runtime":42.907411638,"_step":0,"pruned":true,"_timestamp":1.7415118059699273e+09}