{"pruned":true,"_timestamp":1.7415125487576616e+09,"_runtime":100.090860965,"_step":0,"_wandb":{"runtime":100}}