{"pruned":true,"_timestamp":1.741521103258904e+09,"_runtime":132.195944526,"_step":0,"_wandb":{"runtime":132}}