{"_timestamp":1.7415202711818695e+09,"_runtime":92.078730925,"_step":0,"_wandb":{"runtime":92},"pruned":true}