{"_timestamp":1.7412480965121388e+09,"train_loss":3.2534800101853434,"_step":1,"_runtime":17.394174723,"val_accuracy":0.09333333333333334,"epochs_completed":5,"val_loss":3.255182563078025,"_wandb":{"runtime":17},"test_loss":3.254301625617946,"train_accuracy":0.10074074074074074,"test_accuracy":0.1}