{"pruned":true,"_timestamp":1.741523256516682e+09,"_wandb":{"runtime":136},"_runtime":136.478382517,"_step":0}