{"pruned":true,"val_loss":3.251130922958338,"train_loss":3.2512838807787148,"epoch":5,"_runtime":76.939182757,"train_accuracy":0.10074074074074074,"val_accuracy":0.09333333333333334,"_step":5,"_timestamp":1.7421930956289334e+09,"_wandb":{"runtime":76}}