{"_step":1,"train_accuracy":0.10074074074074074,"test_accuracy":0.1,"val_accuracy":0.09333333333333334,"_timestamp":1.7412504753652663e+09,"_runtime":41.788230285,"train_loss":3.2513931288276914,"val_loss":3.251200173359987,"test_loss":3.2511896520576746,"epochs_completed":5,"_wandb":{"runtime":41}}