{"_timestamp":1.7415204195280263e+09,"_runtime":125.117590478,"_step":0,"_wandb":{"runtime":125},"pruned":true}