{"test_accuracy":0.1,"_wandb":{"runtime":20},"val_loss":3.2511032184491087,"epochs_completed":5,"test_loss":3.250984138994775,"val_accuracy":0.09833333333333333,"_timestamp":1.7412494653081772e+09,"_runtime":20.899805835,"_step":1,"train_loss":3.251136801940914,"train_accuracy":0.10018518518518518}