{"_timestamp":1.7415151988645506e+09,"_runtime":162.893156344,"_step":0,"_wandb":{"runtime":162},"pruned":true}