{"_runtime":65.990832588,"_step":0,"_wandb":{"runtime":65},"final_test_loss":0.616435226092994,"final_test_accuracy":0.8756,"_timestamp":1.7421943123911445e+09}