{"pruned":true,"_timestamp":1.7415215885901332e+09,"_runtime":140.176370505,"_step":0,"_wandb":{"runtime":140}}