{"_runtime":5.5736419139999995,"val_accuracy":0.09333333333333334,"train_accuracy":0.10074074074074074,"_wandb":{"runtime":5},"_step":1,"val_loss":3.250927435325367,"test_accuracy":0.1,"_timestamp":1.7415180439801035e+09,"train_loss":3.2508370528429587,"epochs_completed":5,"test_loss":3.2508305518033884}