{"_timestamp":1.7415202927070994e+09,"_runtime":19.733774937,"_step":0,"_wandb":{"runtime":19},"pruned":true}