{"_timestamp":1.741521262162246e+09,"_runtime":107.264026736,"_step":0,"_wandb":{"runtime":107},"pruned":true}