{"train_accuracy":0.09977777777777778,"_runtime":23.977919336,"final_test_loss":3.255256939824597,"_timestamp":1.742224225079592e+09,"val_loss":3.2553153233697083,"val_accuracy":0.102,"epoch":10,"train_loss":3.261032255521154,"_wandb":{"runtime":23},"final_test_accuracy":0.1,"_step":10}