{"test_accuracy":0.8352,"epochs_completed":5,"_timestamp":1.7412522324880295e+09,"test_loss":0.8289174483874023,"train_accuracy":0.8471296296296297,"train_loss":0.838769210284224,"val_loss":0.7915990608380317,"_runtime":76.605892505,"_wandb":{"runtime":76},"val_accuracy":0.8445,"_step":1}