{"train_accuracy":0.09920370370370371,"val_accuracy":0.10716666666666666,"val_loss":3.2528660680544363,"_timestamp":1.7412509013318033e+09,"_runtime":50.139836659,"test_loss":3.2537546362202336,"train_loss":3.2548727563913977,"epochs_completed":5,"_wandb":{"runtime":50},"test_accuracy":0.1,"_step":1}