{"_step":0,"_wandb":{"runtime":24},"pruned":true,"_timestamp":1.7415214457131484e+09,"_runtime":24.975075215}