{"epochs_completed":5,"_runtime":24.912550126,"test_loss":3.2492916174391455,"train_accuracy":0.10018518518518518,"_step":1,"val_accuracy":0.09833333333333333,"val_loss":3.2493415992338215,"test_accuracy":0.1,"_wandb":{"runtime":24},"_timestamp":1.741249549473727e+09,"train_loss":3.2496200394134687}