{"_wandb":{"runtime":83},"pruned":true,"_timestamp":1.7415234882646496e+09,"_runtime":83.601390504,"_step":0}