{"final_test_loss":NaN,"val_loss":NaN,"_step":5,"epoch":5,"_wandb":{"runtime":25},"train_accuracy":0.10074074074074074,"val_accuracy":0.09333333333333334,"final_test_accuracy":0.1,"_runtime":25.230423978,"_timestamp":1.7422264187301443e+09,"train_loss":NaN}