{"test_accuracy":0.1,"epochs_completed":5,"_timestamp":1.7412536061061165e+09,"_runtime":41.438993291,"val_accuracy":0.09333333333333334,"val_loss":3.251221156275408,"train_accuracy":0.10074074074074074,"_step":1,"train_loss":3.2512974700456825,"test_loss":3.251204763858016,"_wandb":{"runtime":41}}