{"pruned":true,"_timestamp":1.7415181433493164e+09,"_runtime":44.659344461,"_step":0,"_wandb":{"runtime":44}}