{"_wandb":{"runtime":62},"pruned":true,"_timestamp":1.741510999369407e+09,"_runtime":62.761596212,"_step":0}