{"_step":0,"pruned":true,"_wandb":{"runtime":40},"_timestamp":1.7415124178332531e+09,"_runtime":40.860861027}