{"val_accuracy":0.8571666666666666,"_timestamp":1.742229236752204e+09,"train_loss":0.6295063864886999,"train_accuracy":0.8714074074074074,"epoch":10,"_wandb":{"runtime":17},"_runtime":17.969192502,"val_loss":0.6949627995729201,"pruned":true,"_step":10}