{"_step":0,"_wandb":{"runtime":102},"pruned":true,"_timestamp":1.7415265758586712e+09,"_runtime":102.707192845}