{"_timestamp":1.7415279868893478e+09,"_runtime":80.344538304,"_step":0,"_wandb":{"runtime":80},"pruned":true}