{"_step":0,"_wandb":{"runtime":70},"pruned":true,"_timestamp":1.741513881369602e+09,"_runtime":70.25328632}