{"_timestamp":1.7415175228480172e+09,"_runtime":138.336448647,"_step":0,"_wandb":{"runtime":138},"pruned":true}