{"_runtime":79.411635121,"_step":0,"_wandb":{"runtime":79},"pruned":true,"_timestamp":1.741511761287452e+09}