{"test_accuracy":0.1,"epochs_completed":5,"_runtime":10.963668892,"_timestamp":1.7412466626870801e+09,"_wandb":{"runtime":10},"train_accuracy":0.10011111111111111,"_step":1,"train_loss":3.252422975340005,"val_accuracy":0.099,"test_loss":3.2512645207526387,"val_loss":3.251444492306182}