{"_runtime":18.651418988,"_step":0,"_wandb":{"runtime":18},"pruned":true,"_timestamp":1.7415116803261616e+09}