{"_step":1,"_timestamp":1.741247325385313e+09,"epochs_completed":5,"val_loss":3.2328560138594233,"test_accuracy":0.2354,"_runtime":12.540409441,"_wandb":{"runtime":12},"train_loss":3.235492792654294,"train_accuracy":0.24137037037037037,"val_accuracy":0.24216666666666667,"test_loss":3.2329713369943605}