{"train_accuracy":0.10018518518518518,"_wandb":{"runtime":19},"_runtime":19.871343771,"_step":1,"train_loss":3.251136819337933,"val_accuracy":0.09833333333333333,"_timestamp":1.7412494909039729e+09,"test_accuracy":0.1,"val_loss":3.251103225567201,"test_loss":3.2509841449075054,"epochs_completed":5}