{"pruned":true,"_timestamp":1.7415243245734174e+09,"_wandb":{"runtime":124},"_runtime":124.879798295,"_step":0}