{"pruned":true,"_timestamp":1.7415241464407914e+09,"_runtime":108.755047325,"_wandb":{"runtime":108},"_step":0}