{"test_accuracy":0.1,"epochs_completed":5,"_runtime":49.633973625,"_wandb":{"runtime":49},"val_loss":3.25121524969302,"train_accuracy":0.10074074074074074,"test_loss":3.2512152738171225,"train_loss":3.251297177138625,"_step":1,"val_accuracy":0.09333333333333334,"_timestamp":1.7412538480918272e+09}