{"_runtime":48.294800133,"_step":0,"pruned":true,"_timestamp":1.741525793695219e+09,"_wandb":{"runtime":48}}