{"pruned":true,"_wandb":{"runtime":130},"_timestamp":1.7415246433174412e+09,"_runtime":130.147016221,"_step":0}