{"final_test_loss":41.446531600246495,"val_accuracy":0.09833333333333333,"_wandb":{"runtime":86},"epoch":10,"_timestamp":1.742226529182513e+09,"_runtime":86.491651418,"train_loss":41.243756132512125,"val_loss":41.52328443654139,"train_accuracy":0.10018518518518518,"_step":10,"final_test_accuracy":0.1}