{"_wandb":{"runtime":133},"pruned":true,"_timestamp":1.7415230567664971e+09,"_runtime":133.079089848,"_step":0}