{"test_loss":3.2493768108427603,"val_accuracy":0.09833333333333333,"test_accuracy":0.1,"_wandb":{"runtime":24},"train_accuracy":0.10018518518518518,"_timestamp":1.7412496143555186e+09,"_step":1,"train_loss":3.2496902177280136,"val_loss":3.2494310175404597,"epochs_completed":5,"_runtime":24.127550664}