{"test_accuracy":0.1,"_runtime":32.584088762,"test_loss":3.2514477095754186,"_step":1,"train_loss":3.2515142858664925,"epochs_completed":5,"val_accuracy":0.09833333333333333,"_wandb":{"runtime":32},"train_accuracy":0.10018518518518518,"_timestamp":1.741250136609212e+09,"val_loss":3.2517580460489306}