{"_step":0,"pruned":true,"_timestamp":1.7415133797683167e+09,"_wandb":{"runtime":143},"_runtime":143.776296822}