{"_step":1,"epochs_completed":5,"_timestamp":1.7412494382209868e+09,"_wandb":{"runtime":21},"val_accuracy":0.09833333333333333,"train_loss":3.2496915582526515,"train_accuracy":0.10018518518518518,"_runtime":21.362357241,"val_loss":3.2494285581655196,"test_loss":3.2493769751035178,"test_accuracy":0.1}