{"_wandb":{"runtime":27},"pruned":true,"_timestamp":1.7415211527233465e+09,"_runtime":27.520861729,"_step":0}