{"pruned":true,"_timestamp":1.7415106407530434e+09,"_runtime":94.856504719,"_step":0,"_wandb":{"runtime":94}}